ID,_Mission_Name,_Mission_Description,_Mission_Kind1,_Mission_ID1,_Mission_Count1,_Mission_Kind2,_Mission_ID2,_Mission_Count2,_Mission_Purpseposition,_Mission_Reward_Point
100001,接收天空的氣息 (1),執行地區：青空城競技場\n\n「修練要在離天空最近的地方會比較好。剛好我知道一個好地方，請跟我來。」,1,810003014,1,0,0,0,305,500
100002,接收天空的氣息 (2),執行地區：青空城競技場\n\n「這地方的氣息真神奇啊。希望你的修練不會白費，那麼就開始吧。天空會懂你的努力的。」,1,810003050,1,0,0,0,305,500
100003,接收天空的氣息 (3),執行地區：青空城競技場\n\n「你的信任喚醒了沉睡中的我，也會叫醒即將歸來的那個孩子。在那之前請變得更強。」,1,810003086,1,0,0,0,305,500
100004,接收天空的氣息 (4),執行地區：青空城競技場\n\n「你之所以會遇見我，是因為遙望著天空的同時，不停地行走的緣故。」,1,810003122,1,0,0,0,305,500
100005,驅散詛咒(1),執行地區：神秘的殿堂\n\n「你沒有受到詛咒，所以才能這樣做。希望你可以驅散這裡的詛咒。」,1,810006978,1,0,0,0,344,500
100006,驅散詛咒(2),執行地區：神秘的殿堂\n\n「現在你要做的事情是將希望灌輸在這片詛咒之地上。」,1,810006979,1,0,0,0,344,500
100007,驅散詛咒(3),執行地區：神秘的殿堂\n\n「你能在這片土地上做很多的事。」,1,810006980,1,0,0,0,344,500
100008,挽救枯萎的花,執行地區：歐若拉的庭院\n\n「花沒有死去，只是暫時陷入沉睡而已。請透過你的手記住，他正在等待下次的綻放。」,1,810006734,1,0,0,0,336,500
100009,造訪死亡庭園,執行地區：月華院\n\n「不要叫醒睡著的人們，因為他們並不後悔在睡著時所做的選擇。」,1,810003516,1,0,0,0,322,500
100010,亡者再次死去,執行地區：隱藏的洞窟\n\n「從死亡回來的人再也不是你的朋友，請讓他們得以安息。因為那是你最後可以為他們做的事。」,1,810003623,1,0,0,0,333,500
100011,制止種下謊言的人,執行地區：立佩拉市政府\n\n「他怎麼樣？用善良的臉龐說著謊？因為他們也別無選澤，必須要活下去。」,1,810006834,1,0,0,0,339,500
100012,消滅因貪婪而拋棄靈魂的人,執行地區：立佩拉市政府\n\n「你說他們的貪婪只是在做戲?他們是別無選擇向惡靠攏的人們…，我也不得不產生戒心。」,1,810006835,1,0,0,0,339,500
100013,甜蜜又苦澀的空間,執行地區：巧克力花園\n\n「這食物到底是什麼呢？甜蜜之中又帶點苦澀…真是奇妙。那個孩子一定也會喜歡這種東西吧？」,1,810007058,1,0,0,0,184,500
100014,驅逐魔界之手,執行地區：惡魔的峽谷\n\n「有很多人想從空隙中伸出手來到這裡， 他們總有一天會為這片土地帶來萬惡。」,1,810006977,1,0,0,0,344,500
100015,整理扭曲的世界樹,執行地區：扭曲的世界樹\n\n「因扭曲者們的影響， 生命會以完全不同的面貌出現。」,1,810007165,1,0,0,0,184,500
100016,破壞錯誤的人工智慧,執行地區：小矮人飛空艇\n\n「請和那些最靠近地面的種族成為朋友。」,1,810007185,1,0,0,0,353,500
100017,與傲慢的領導人協商,執行地區：小矮人飛空艇\n\n「善良、愚鈍、固執並不是人類專屬的，他們當然也是如此。」,1,810007184,1,0,0,0,353,500
100018,揮去不安的影子,執行地區：太陽宮殿\n\n「需要智慧時就去找凱因族的族長，他能夠信任。」,1,810007252,1,0,0,0,354,500
100019,對於錯誤信念的信任,執行地區：黃金洞穴\n\n「相信實力是很好，但請不要因此而成為犯罪之人。」,1,810007358,1,0,0,0,360,500
100020,咬花蛇的痕跡,執行地區：日落森林\n\n「所有生命都很美麗、高貴，而剛出生的蛇孩子也一樣很高貴。」,1,810007364,1,0,0,0,184,500
100021,造訪微妙的情感森林,執行地區：瀑布樹森林\n\n「無法原諒把美麗的森林弄得一團亂的人。」,1,810007460,1,0,0,0,370,500
100022,愉快又奇怪的心情 (1),執行地區：春植島紀念館\n\n「在很久以後的未來，說不定會有其他世界的人來到這裡。」,1,810007610,1,0,0,0,375,500
100023,愉快又奇怪的心情 (2),執行地區：春植島紀念館\n\n「有些人為了快樂的世界，而想成為幫助他人的英雄。」,1,810007611,1,0,0,0,375,500
100024,愉快又奇怪的心情 (3),執行地區：春植島紀念館\n\n「為了人們而創造出快樂地方的那種人…。」,1,810007612,1,0,0,0,375,500
100025,冰冷又甜蜜的事,執行地區：冰淇淋庭院\n\n「需要轉換心情時，又冰又甜的食物最棒了。」,1,810007625,1,0,0,0,375,500
100026,平息影子裡的虛勢,執行地區：影子之書\n\n「是你最不擅長的行為啊。偶爾還是會需要，你就把它想成是修練吧。」,1,810007590,1,0,0,0,375,500
100027,極端的修練,執行地區：浮游島\n\n「很久以後，這裡說不定會發生很多事情。」,1,810007727,1,0,0,0,380,500
100028,神獸的不祥哭聲 (1),執行地區：珊瑚之歌\n\n「遠方的那些孩子們在哭泣，說不定是主人發生了什麼大事…。」,1,810007896,1,0,0,0,381,500
100029,神獸的不祥哭聲 (2),執行地區：珊瑚之歌\n\n「是從哪裡傳來的聲音？我完全聽不到…。」「是你的故鄉－大陸，在遠方的大海。」,1,810007897,1,0,0,0,381,500
100030,說服埋怨神的人,執行地區：閃亮深淵\n\n「管理大海的他埋怨著所有人，對不起…。」,1,810007904,1,0,0,0,381,500
100031,平息憤怒的神,執行地區：混沌峽谷\n\n「跟你一模一樣的存在怒氣沖沖地出現了。現在該怎麼辦？」,1,810007917,1,0,0,0,386,500
100032,平息法師的幻影,執行地區：花之路\n\n「我在這雖被稱做法師，但這個孩子在那裡先被稱作法師的。雖然不一定真的是法師…。」,1,810002649,1,0,0,0,266,500
100033,平息善者的幻影,執行地區：月之路\n\n「你記得泰勒嗎？啊，不記得啊。也是，時間的確過很久了。」,1,810002623,1,0,0,0,266,500
100034,平息邪惡的幻影,執行地區：夢之路\n\n「請小心阿卡修拉，他們一直緊盯著你。」,1,810002626,1,0,0,0,266,500
100035,平息不祥之龍的幻影,執行地區：世界樹的幻影\n\n「不祥之龍可能引領世界滅亡，所以需要能夠直視的勇氣。」,1,810002629,1,0,0,0,282,500
100036,平息女祭司的幻影,執行地區：世界樹的幻影\n\n「想起了被和你一樣的人稱為法師的那個孩子，沉睡之前如果可以再見一面就好了…。」,1,810002641,1,0,0,0,282,500
100037,平息主神的幻影,執行地區：世界樹的幻影\n\n「雖自認為神，但其實是透過某人的夢境所創造出來的存在… 如果哪天劍道的話，請說服他。」,1,810002630,1,0,0,0,282,500
100038,知識之章,執行地區：魔法書閱覽室\n\n「勒達，好久不見。雖然你不在…」,1,810001580,1,0,0,0,200,500
100039,守護聖火之章,執行地區：魔法書閱覽室\n\n「噓，伊普莉特。裝作不認識我，拜託了。」,1,810001581,1,0,0,0,200,500
100040,地獄魔獸,執行地區：被遺忘的花園\n\n「這是你必須砍殺的眾多地獄魔獸。」,1,810001594,1,0,0,0,198,500
100041,拋棄靈魂之人的手勢,執行地區：被遺忘的花園\n\n「不要閉眼睛，看著前方。以後也需要和這些拿靈魂跟他們交易的傢伙交手。」,1,810001596,1,0,0,0,198,500
100042,捕獲寶石龍,執行地區：星星搖籃\n\n「要見到抱著寶石的龍不是件簡單的事。如果有需要的東西，就該抓住他吧?」,1,810001748,1,0,0,0,210,500
100043,驅逐入侵者,執行地區：星星搖籃\n\n「覬覦寶石的盜賊們出現了，試試你的力量吧。」,1,810001749,1,0,0,0,210,500
100044,與英雄王的大戰,執行地區：星星搖籃\n\n「如果是和你志同道合的英雄，就可以成為永遠的朋友。」,1,810001745,1,0,0,0,210,500
100045,整理時空縫隙的記憶 (1),執行地區：伊米勒研究所\n\n「這個世界超越時間與空間，正受到其他次元的影響。比起你所知道的，或許有更多的東西正在前來。」,1,810002249,1,0,0,0,240,500
100046,整理時空縫隙的記憶 (2),執行地區：伊米勒研究所\n\n「或許某一天分隔時間及空間的偉大之牆也會倒塌。」,1,810002158,1,0,0,0,240,500
100047,擊退墮落之龍,執行地區：龍皇城\n\n「請想想是何時見過格魯亞的。遇到墮落之龍的那時……。」,1,810003522,1,0,0,0,322,500
100048,整頓魔族據點 (1),執行地區：毀滅之城\n\n「米勒石… 受到祝福的這片土地正面臨著危險!!」,1,810003631,1,0,0,0,333,500
100049,整頓魔族據點 (2),執行地區：毀滅之城\n\n「必須救出領主!! 找出肯定你的他!!」,1,810003630,1,0,0,0,333,500
100050,整頓魔族據點 (3),執行地區：毀滅之城\n\n「這隻野豬到底為什麼會出現在這裡？」,1,810003632,1,0,0,0,333,500
100051,整理創造噩夢的地方 (1),執行地區：魔石實驗室\n\n「請擊敗那些透過不該存在的力量所創造出來的傢伙!!」,1,810006816,1,0,0,0,342,500
100052,整理創造噩夢的地方 (2),執行地區：魔石實驗室\n\n「有個少女非自願地變成了其他的樣貌。必須把她從噩夢中救出來。」,1,810006817,1,0,0,0,342,500
100053,管制神的空間 (1),執行地區：神聖的教堂\n\n「…有東西需要你從攪亂神之領域的傢伙那裡守護。」,1,810007050,1,0,0,0,348,500
100054,管制神的空間 (2),執行地區：神聖的教堂\n\n「魔界的惡魔們不會就這樣撤退的…」,1,810007049,1,0,0,0,348,500
100055,救援 (1),執行地區：太陽神的地下祭壇\n\n「請不要原諒否定太陽神的人。」,1,810007251,1,0,0,0,354,500
100056,救援 (2),執行地區：太陽神的地下祭壇\n\n「火神的後裔們，現在在這裡做什麼？」,1,810007250,1,0,0,0,354,500
100057,明亮乾淨的森林不速之客 (1),執行地區：寶石樹森林\n\n「格魯亞特說了什麼嗎？」,1,810007470,1,0,0,0,370,500
100058,明亮乾淨的森林不速之客 (2),執行地區：寶石樹森林\n\n「你的勇氣成功說服了格魯亞特，這全都是因為你的能力才能做到的。」,1,810007471,1,0,0,0,370,500
100059,恐懼的結束 (1),執行地區：幻影毒霧沼澤\n\n「也許那個孩子看到的跟你看的一樣也說不定。魔皇…」,1,810007728,1,0,0,0,380,500
100060,恐懼的結束 (2),執行地區：幻影毒霧沼澤\n\n「那個孩子到底是誰？那個孩子恐懼的噩夢是什麼？」,1,810007729,1,0,0,0,380,500
100061,別有一心 (1),執行地區：冰封的世界\n\n「在未來很久以後，讓這個世界變得溫暖的孩子其他的面貌…。」,1,810007927,1,0,0,0,386,500
100062,別有一心 (2),執行地區：冰封的世界\n\n「巨大的混沌打算要從遠方襲來，不能讓他過來!!」,1,810007928,1,0,0,0,386,500
100063,無法得知的(1),執行地區：未知的倉庫 51層\n\n「原本打算安靜過日子的，居然讓我暴露真面目，你果然 ………」,1,810007374,1,0,0,0,286,500
100064,無法得知的(2),執行地區：未知的倉庫 52層\n\n「不能就這樣倒下，我必須擊敗你。」,1,810007375,1,0,0,0,286,500
100065,無法得知的(3),執行地區：未知的倉庫 53層\n\n「誰說一定要打敗我？是誰指使你的？」,1,810007376,1,0,0,0,286,500
100066,無法得知的(4),執行地區：未知的倉庫 54層\n\n「這是我自己的選擇。」,1,810007377,1,0,0,0,286,500
100067,無法得知的(5),執行地區：未知的倉庫 55層\n\n「是嗎？那麼我也做出選擇吧。哈哈，真是開心啊。小鬼…雖然我們初次見面，但謝謝你讓我不無聊。」,1,810007378,1,0,0,0,286,500
100068,揮砍內部的不祥存在 (1),執行地區：暴風監視者廢墟 3\n\n「回來了嗎？以不祥之姿出現的劍是怎麼處理掉的?」,1,810003187,5,0,0,0,307,500
100069,保管內部的不祥工具 (1),執行地區：暴風監視者廢墟 3\n\n「是不祥的的結晶體，但是可以感受到力量。」,2,190144542,10,0,0,0,307,500
100070,保管內部的不祥工具 (2),執行地區：暴風監視者廢墟 3\n\n「雖是充滿不祥的液體，但好好使用的話應該也會有所幫助。」,2,190144543,10,0,0,0,307,500
100071,保管內部的不祥工具 (3),執行地區：暴風監視者廢墟 3\n\n「這個就是聚集了變形生命體力量的融合體…真神秘啊。」,2,190144540,10,0,0,0,307,500
100072,揮砍內部的不祥存在 (2),執行地區：龍祭城3\n\n「中邪的武士…若對人們造成威脅，我就把他解決掉。」,1,810003585,5,0,0,0,322,500
100073,保管內部的不祥書籍 (1),執行地區：龍祭城3\n\n「技術書…要參考一下才行。意外地記錄了很多不錯的技術呢。」,2,190144683,10,0,0,0,322,500
100074,保管內部的不祥書籍 (2),執行地區：龍祭城3\n\n「分成好幾本，要都看才行。」,2,190144684,10,0,0,0,322,500
100075,保管內部的不祥書籍 (3),執行地區：龍祭城3\n\n「我會把一切都變成是我的。不要太擔心。」,2,190144685,10,0,0,0,322,500
100076,揮砍內部的不祥存在 (3),執行地區：歐若拉森林 3\n\n「少年你知道嗎？你再次沉睡的時刻到了…。他去砍殺不祥的東西了。」,1,810006741,5,0,0,0,336,500
100077,保管內部的可疑工具 (1),執行地區：歐若拉森林 3\n\n「不祥存在所使用過的斷鐮該怎麼處理？」,2,190144879,10,0,0,0,336,500
100078,保管內部的可疑工具 (2),執行地區：歐若拉森林 3\n\n「不祥存在穿過的衣服有點不同。」,2,190144880,10,0,0,0,336,500
100079,保管內部的可疑工具 (3),執行地區：歐若拉森林 3\n\n「這個不祥存在的靈魂原本是誰呢？」,2,190144881,10,0,0,0,336,500
100080,驅逐暗黑巨人,"執行地區：惡魔之山 3, 4\n\n「我必須擺脫這個恐懼。擊倒巨人的話，可以從恐懼中解脫嗎？」",1,810006971,5,0,0,0,344,500
100081,巨人擁有黑暗痕跡 (1),"執行地區：惡魔之山 3, 4\n\n「巨人的物品滿是黑暗，必須阻止相信扭曲者的人們。」",2,180134555,10,0,0,0,344,500
100082,巨人擁有黑暗痕跡 (2),"執行地區：惡魔之山 3, 4\n\n「巨人物品上是如何注入黑暗的？頭好暈…。」",2,180134556,10,0,0,0,344,500
100083,整理妨礙淨化之人(1),執行地區：白煤峽谷\n\n「經過峽谷的途中突然感到很好奇，吉恩蒂亞是什麼樣的地方…?」,1,810007448,50,0,0,0,370,500
100084,整理妨礙淨化之人(2),執行地區：白煤峽谷\n\n「峽谷現在還是一團糟，東方大陸為什麼會變成這樣？」,1,810007449,50,0,0,0,370,500
100085,整理妨礙淨化之人(3),執行地區：白煤峽谷\n\n「邪惡氣息正往峽谷襲來。」,1,810007450,50,0,0,0,370,500
100086,整理妨礙淨化之人(4),執行地區：白煤峽谷\n\n「或許只有那樣大家才能變得幸福。」,1,810007451,50,0,0,0,370,500
100087,整理妨礙淨化之人(5),執行地區：白煤峽谷\n\n「你不是守護了峽谷嗎! 不要想成是噩夢成真了，知道嗎？消除噩夢這件事，絕對不能在外面提起。」,1,810007452,50,0,0,0,370,500
100088,不幸之人的救援(1),執行地區：猶忒王國首都\n\n「猶忒王國首都有危險! 這樣下去會引發戰爭的!」,1,810007229,50,0,0,0,354,500
100089,不幸之人的救援(2),執行地區：猶忒王國首都\n\n「我知道東方大陸充滿著憤怒，但是該怎麼做呢?」,1,810007230,50,0,0,0,354,500
100090,不幸之人的救援(3),執行地區：猶忒王國首都\n\n「該怎麼面對火神族呢？話又說不通…。」,1,810007231,50,0,0,0,354,500
100091,不幸之人的救援(4),執行地區：猶忒王國首都\n\n「法師，你現在要離開猶忒王國了嗎？多虧你的教導，才能成就現在的我。」,1,810007232,50,0,0,0,354,500
100092,不幸之人的救援(5),執行地區：猶忒王國首都\n\n「這個時代需要你，火神族也想要那個..」,1,810007233,50,0,0,0,354,500
100093,戰鬥者的資格,執行地區：修練森林\n\n「有你就夠了，獲得戰士資格的人。」,2,190145820,1,0,0,0,380,500
100094,鬥爭者的資格,執行地區：修練森林\n\n「你獲得了無論何時都能為大家戰鬥的資格。」,2,190145821,1,0,0,0,380,500
100095,守護者的資格,執行地區：修練森林\n\n「具有充分的資格。如果是你的話，就可以守護大家了…。」,2,190145822,1,0,0,0,380,500
100096,處決妨礙修練之人 (1),執行地區：修練森林\n\n「我要擊倒所有妨礙修練的人。召喚術士們，全都讓開!」,1,810007706,50,0,0,0,380,500
100097,處決妨礙修練之人 (2),執行地區：修練森林\n\n「這是亡靈面容，不過我沒關係的。」,1,810007707,50,0,0,0,380,500
100098,處決妨礙修練之人 (3),執行地區：修練森林\n\n「這是什麼動物…？等等我是誰啊？」,1,810007708,50,0,0,0,380,500
100099,處決妨礙修練之人 (4),執行地區：修練森林\n\n「我，我是誰?我………， 什麼貴族們的修練，都給我讓開!!」,1,810007709,50,0,0,0,380,500
100100,淨化被汙染的精靈住處(1),執行地區：燃燒的都市\n\n「火精靈啊，我是誰?」,1,810007905,50,0,0,0,386,500
100101,淨化被汙染的精靈住處(2),執行地區：燃燒的都市\n\n「原來是異鄉人啊。有個黑暗侍從被你帶過來這裡了，先解決那個吧。」,1,810007908,50,0,0,0,386,500
100102,淨化被汙染的精靈住處(3),執行地區：燃燒的都市\n\n「抱歉，我們能回答的就只有那樣。祈禱你可以驅逐黑暗，完成修練並平安回去。」,1,810007907,50,0,0,0,386,500
100103,淨化被汙染的精靈住處(4),執行地區：燃燒的都市\n\n「獲得新力量之人，對不起。你引領墮落之風的力量會成為所有人的詛咒。」,1,810007909,50,0,0,0,386,500
100104,淨化被汙染的精靈住處(5),執行地區：燃燒的都市\n\n「你到底是誰?! 還，還有我是誰?!我為什麼有墮落之水？」,1,810007906,50,0,0,0,386,500
100105,破片的痕跡 (1),獲得方法：道具分解\n\n「聽說不用的物品像這樣另外放著也沒有關係。有需要這麼多嗎?」,2,180134426,500,0,0,0,6,500
100106,破片的痕跡 (2),獲得方法：道具分解\n\n「感覺比上次的方法還要更好，覺得有點可惜啊。」,2,180134427,400,0,0,0,6,500
100107,破片的痕跡 (3),獲得方法：道具分解\n\n「依法師的意思，又創造出了其他破的片。」,2,180134428,300,0,0,0,6,500
100108,破片的痕跡 (4),獲得方法：道具分解\n\n「朋友們應該真的會很喜歡。」「已經跟他們成為朋友了啊，真令人開心。」,2,180134429,200,0,0,0,6,500
100109,破片的痕跡 (5),獲得方法：道具分解\n\n「真的是個好方法。這樣的話，我也可以重新製作我的裝備了。」,2,180134430,100,0,0,0,6,500
100110,閃閃發光的,獲得方法：跟貝羅斯洛汗 NPC購買\n\n「女神創造出我們是有原因的，說是要讓我們用良好的手藝利於一切。」,2,180202201,10,0,0,0,2,500
100111,珍惜裝備 (1),獲得方法：NPC 購買\n\n「別擔心，我會好好發揮能力的。為什麼會感到這麼不安？別看我這樣，我鑲嵌的話…」,2,300190023,5,0,0,0,6,500
100112,珍惜裝備 (2),獲得方法：NPC購買\n\n「珍惜裝備的心，不論是我還是你都一樣呢。這次也一樣很不安啊。別哭，還會有機會的…」,2,300190024,10,0,0,0,6,500
100113,超越極限,獲得方法：Lv200以下副本\n\n「如果是星星刻印的神祕之石，說不定可以超越極限。」,2,300199014,100,0,0,0,6,500
100114,讓裝備與眾不同,獲得方法：NPC購買\n\n「這個工具會讓裝備變得更加特別。」,2,300190028,50,0,0,0,6,500
100115,為了某人的禮物 (1),獲得方法：向貝羅斯餐廳NPC購買\n\n「和好人一起愉快地喝著好酒，那就是幸福吧。」,2,190145135,1,0,0,0,2,500
100116,為了某人的禮物 (2),獲得方法：向艾利亞斯餐廳NPC購買\n\n「也幫我安插點美食吧。」,2,190145136,1,0,0,0,6,500
100117,為了某人的禮物 (3),獲得方法：向阿法餐廳NPC購買\n\n「你的食物中混雜了嗆辣的辛香料，所以我吃得有點吃力。」,2,190145137,1,0,0,0,17,500
100118,為了某人的禮物 (4),獲得方法：向龍京餐廳NPC購買\n\n「這個如何？啊，抱歉，這很好吃的…。」,2,190145138,1,0,0,0,19,500
100119,為了某人的禮物 (5),獲得方法：向奧亦奇餐廳NPC購買\n\n「在白飯上面放炸豬排怎麼樣？哈哈哈。」,2,190145139,1,0,0,0,20,500
100120,為了某人的禮物 (6),獲得方法：向貝斯餐廳NPC購買\n\n「這種飲料怎麼樣？這個很難找的…」「是用那孩子製作的果實做出來的食物啊。」,2,190145140,1,0,0,0,37,500
100121,為了某人的禮物 (7),獲得方法：向亞特蘭提斯瑪利NPC購買\n\n「這是我記憶中幸福的瞬間之一，就是拿到好東西。」,2,190145141,1,0,0,0,67,500
100122,為了治癒傷口 (1),獲得方法：組合\n\n「打起精神，我叫你打起精神!!快喝喝看這個藥水!!」,2,170100204,30,0,0,0,6,500
100123,為了治癒傷口 (2),獲得方法：組合\n\n「不可以就這樣睡著。還在治療，再忍耐一下…。」,2,170100304,30,0,0,0,6,500
100124,特別的水晶(1),獲得方法：組合\n\n「他曾是偉大的人，力量會注入的…。」,2,180190805,15,0,0,0,6,500
100125,特別的水晶(2),獲得方法：組合\n\n「他曾是優秀的人，他的精神…。」,2,180190815,15,0,0,0,6,500
100126,特別的水晶(3),獲得方法：組合\n\n「他…，他…，他的心意沒有白費，一定要告訴他。 」,2,180190825,15,0,0,0,6,500
100127,特別的水晶(4),獲得方法：組合\n\n「我會等你。從夢中甦醒時，我會再過來找你的。希望他擁有的幸運能再次凝聚…。」,2,180190835,15,0,0,0,6,500
100128,注入新的力量 (1),獲得方法：聲望點數兌換\n\n「在這裡無論何時都需要充滿的力量。你，或是像你一樣的人。」,2,300136001,5,0,0,0,184,500
100129,注入新的力量 (2),獲得方法：聲望點數兌換\n\n「我會記得的…。」,2,300136002,5,0,0,0,184,500
100130,沙之戰場 (1),進行地區: 亞瑪倫沙漠\n\n「別害怕其他世界的生命…。」,1,810008084,50,0,0,0,388,500
100131,沙之戰場 (2),進行地區: 亞瑪倫沙漠\n\n「首先要克服恐懼。」,1,810008081,50,0,0,0,388,500
100132,沙之戰場 (3),進行地區: 亞瑪倫沙漠\n\n「那些人也有他們自己的信念。只是與我們不合而已。」,1,810008083,50,0,0,0,388,500
100133,噬人蟲,進行地區: 拉的城堡\n\n「將人類引向惡的存在就是你這種蟲子!」,1,810008092,1,0,0,0,388,500
100134,平息惡之君主,進行地區: 安息之地\n\n「如果是你，是可以審判行惡之王的。」,1,810008100,1,0,0,0,388,500
100135,降血之處,進行地區: 地下都市工地\n\n「說不定這裡未來會成為滿布鮮血的地方..」,1,810008344,50,0,0,0,405,500
100136,黑暗燒焦之處,進行地區: 地下都市工地\n\n「就算你被黑暗吞噬，我也會把你拉出來的。」,1,810008339,50,0,0,0,405,500
100137,生存之法,進行地區: 地下都市工地\n\n「小偷戴著奇怪的面具!!」,1,810008341,50,0,0,0,405,500
100138,守護者之心,進行地區: 超人紀念館\n\n「藍戟公會的會長很熟悉戰爭啊。」,1,810008352,1,0,0,0,402,600
100139,詛咒之地,進行地區: 地獄房間\n\n「這片土地到底是什麼地方呢?! 這滿是詛咒、埋怨、執著的不祥之地…。」,1,810008362,1,0,0,0,405,600
100140,蘊含清淨精氣之山 (1),修練地區: 怪物樹山林\n\n「好久沒見到他了…。」,1,810008494,50,0,0,0,412,500
100141,蘊含清淨精氣之山 (2),修練地區: 怪物樹山林\n\n「呵，就算樣子變了，你…」,1,810008495,50,0,0,0,412,500
100142,蘊含清淨精氣之山 (3),修練地區: 怪物樹山林\n\n「拉比譚，噓!」,1,810008496,50,0,0,0,412,500
100143,賢明的君主,修練地區: 戰士們的休息地 \n\n「佩奇亞國王啊，請調兵遣將啊…。」,1,810008517,1,0,0,0,308,500
100144,米勒坎蒂亞的特殊礦物 (1),獲得方法: 分解道具 \n\n「您來了嗎?偉大的人啊。」,2,190144510,100,0,0,0,305,500
100145,米勒坎蒂亞的特殊礦物 (2),獲得方法: 分解道具  \n\n「你是這座城的主人…。 」,2,190144511,100,0,0,0,305,500
100146,米勒坎蒂亞的特殊礦物 (3),獲得方法: 分解道具  \n\n「能讓我看看那個礦物嗎?」,2,190144512,100,0,0,0,305,500
100147,惡魔領主的痕跡,獲得方法: 分解道具  \n\n「沒想到還有他的痕跡。」,2,180134431,10,0,0,0,198,500
100148,黃金大神的信徒,獲得方法: 購買道具  \n\n「像老師那樣的傻瓜…不，對善良的他來說，黃金神…噢， 你是，耶比!! 我、我錯了，耶比!!」,2,190146092,30,0,0,0,2,500
100149,擁有特別記憶的動物 (1),執行地區: 幻影大地、亞德利卡 \n\n「歡迎來到亞德利卡。」,1,810008626,50,0,0,0,420,500
100150,擁有特別記憶的動物 (2),執行地區: 幻影大地、亞德利卡 \n\n「阿德奇納，請假裝不認識我。 」,1,810008627,50,0,0,0,420,500
100151,擁有特別記憶的動物 (3),執行地區: 幻影大地、亞德利卡 \n\n「希望汙染不會太嚴重，可以幫我嗎?」,1,810008628,50,0,0,0,420,500
100152,戰場的後遺症,修練地區: 傑芮尼斯山丘 \n\n「感受到強大的魔力呢，是因為戰爭嗎?」,1,810008762,50,0,0,0,433,500
100153,神佇留的大地,修練地區: 傑芮尼斯山丘 \n\n「神佇留的大地─普雷伊奧斯存在著特別多魔界的威脅。」,1,810008764,50,0,0,0,433,500
100154,山丘的魔法師,修練地區: 傑芮尼斯山丘 \n\n「在山丘盡頭感受到好的氣息，魔法師..」,1,810008766,50,0,0,0,433,500
100155,修練的場所,修練地區: 魔法修練館 \n\n「在這裡以你的名字建立了學校啊。」,1,810008772,1,0,0,0,433,500
100156,其他大陸的魔法,修練地區: 墨羅斯\n\n「這個魔法是普雷伊奧斯的…，為什麼會在這裡…。」,1,810008895,50,0,0,0,442,500
100157,不祥者之手,修練地區: 怪物樹山谷\n\n「超越時空，動搖此地之人的氣息…。」,1,810008506,1,0,0,0,412,600
100158,幸福的記憶 (1),修練地區: 龍峽谷\n\n「好久不見了，聖禱神象…。」,1,810008625,1,0,0,0,420,600
100159,黑暗是無法存在的地方,修練地區: 神之樹拉法爾\n\n「可以看到這個地方呢。」,1,810008624,1,0,0,0,420,600
100160,幸福的記憶 (2),修練地區: 神之樹拉法爾\n\n「聖謠花鹿，光是聽著你的歌聲就快睡著了。 好幸福…。」,1,810008623,1,0,0,0,420,600
100161,他必須守護的遺物,修練地區: 魔法學院本館\n\n「傑芮尼斯，你帶著的遺物呼喚了我。」,1,810008782,1,0,0,0,433,600
100162,墮落的國家,修練地區: 魔力防空洞\n\n「墨斯王國要墮落到什麼地步?!」,1,810008915,1,0,0,0,442,600
100163,另一面的守護者,修練地區: 夢境奧涅伊洛\n\n「請守護你認識的世界。 拜託…」,1,810008914,1,0,0,0,442,600
100164,紅色蝴蝶結,修練地區: 夢境奧涅伊洛 \n\n「對不起，我太弱了，幫不了你」,1,810008916,1,0,0,0,442,600
100165,被掩蓋的眼淚,執行地區: 吉斯克領地\n\n「少爺，請迴避!!」,1,810009049,50,0,0,0,452,500
100166,領地的過去,執行地區: 吉斯克領地\n\n「這也不是你的錯。」,1,810009050,50,0,0,0,452,500
100167,引領劍的意志,執行地區: 吉斯克領地\n\n「讓你可以正確地使用劍…」,1,810009051,50,0,0,0,452,500
100168,邪惡之蛇碎片,執行地區: 虛無之星 \n\n「並非來自過去與未來的可疑存在…。」,1,810009069,1,0,0,0,452,600
100169,不清楚、不明確,執行地區: 忘卻湖畔\n\n「真實與記憶，究竟是哪一個呢。」,1,810009070,1,0,0,0,452,600
100170,不識相的傢伙,執行地區: 福波斯\n\n「就算惡魔們說要給你好吃的東西，也絕對不能跟他們走，知道了吧?快回答。 」,1,810009135,50,0,0,0,462,500
100171,帥氣的熊玩偶,執行地區: 福波斯\n\n「什麼啊?這惡魔是從來沒見過的那種類型。」,1,810009136,50,0,0,0,462,500
100172,怎樣的愛,執行地區: 福波斯\n\n「女妖為什麼會說被身為人類的我迷住了呢?」,1,810009138,50,0,0,0,462,500
100173,虛假的誓言,執行地區: 玫瑰園\n\n「假裝為了生命好而背叛的你，是絕對不會被原諒的。」,1,810009157,1,0,0,0,462,600
100174,女妖的手勢,執行地區: 幻之搖籃\n\n「莉莉絲，不要看著我，看看其他人吧。我已經有喜歡的人了。」,1,810009145,1,0,0,0,462,600
100175,凋謝的玫瑰,執行地區: 玫瑰園\n\n「來自其他世界的罪人…與我無關。」,1,810009158,1,0,0,0,462,600
100176,預言的賢者,執行地區: 聖域艾多斯\n\n「要等待有預知能力的人還差得遠呢…。」,1,810009339,50,0,0,0,471,500
100177,沉睡於聖域的記憶,執行地區: 聖域艾多斯\n\n「…這是你的記憶啊。是什麼讓你這麼痛苦呢?」,1,810009340,50,0,0,0,471,500
100178,在混沌之下,執行地區: 聖域艾多斯\n\n「不要以為所有的大陸都會如你所願。」,1,810009341,50,0,0,0,471,500
100179,親愛的孩子,執行地區: 聖域艾多斯\n\n「你在這裡停留了很久啊，謝謝你…。」,1,810009342,50,0,0,0,471,500
100180,天使的問候,執行地區: 希萊\n\n「你好啊，向米卡打招呼吧，是那位派你來的啊。」,1,810009359,1,0,0,0,471,600
100181,某個約定的意義,執行地區: 誓約的聖地\n\n「你的藍色蝴蝶向我靠近，變成了黑暗…。」,1,810009360,1,0,0,0,471,600
100182,活蹦亂跳的動物,執行地區:底波拉雪原\n\n「真是個活潑的孩子。你認得出我嗎?」,1,810009496,35,0,0,0,490,500
100183,溫暖的雪之子,執行地區:底波拉雪原\n\n「這裡真的很冷呢。不過心裡感覺很溫暖。」,1,810009497,35,0,0,0,490,500
100184,守護村莊的女戰士,執行地區:底波拉雪原\n\n「格爾答的女性的確很強呢，梅莉亞。」,1,810009498,35,0,0,0,490,500
100185,曾經是雪原的主人,執行地區:冰柱監獄\n\n「對不起，沒有顧及到雪人。」,1,810009518,1,0,0,0,490,600
100186,小巧可愛的水精靈,執行地區:回音之泉\n\n「明明很可愛，卻討厭聽到別人說自己可愛…」,1,810009520,1,0,0,0,490,600
100187,別再說同樣的話了,執行地區:回音之泉\n\n「裔奧跟艾可是朋友嗎?」,1,810009519,1,0,0,0,490,600
